category,category_slug,title
AI 기술,artificial-intelligence,(UPDATED) Python을 이용한 개인화 추천시스템 | 추천알고리즘 | 추천인공지능
AI 기술,artificial-intelligence,(기획자를 위한) LLM 애플리케이션 사용자 요구 사항 수집과 분석 방법의 이해
AI 기술,artificial-intelligence,(기획자를 위한) LLM 응용 서비스 사례 분석
AI 기술,artificial-intelligence,(기획자를 위한) LLM의 기초와 LLM 기반 서비스 기획의 이해
AI 기술,artificial-intelligence,(기획자를 위한) LLM의 한계와 미래 전망
AI 기술,artificial-intelligence,"(딥러닝 모델링 첫걸음)경사하강법부터 오차역전파까지, 딥러닝 핵심 이론을 수식/코드로 마스터!"
AI 기술,artificial-intelligence,(라즈베리파이를 이용한) AI 인공지능 자율주행 자동차 만들기
AI 기술,artificial-intelligence,(파이썬을 위한 도커) 도커로 나만의 딥러닝 클라우드 컴퓨터 만들기
AI 기술,artificial-intelligence,1시간 만에 배우는 LLM과 GPT 기초
AI 기술,artificial-intelligence,200% 활용하는 ChatGPT 질문법
AI 기술,artificial-intelligence,2025 언리얼 공인강사 - 언리얼×AI 통합 C++ 개발편
AI 기술,artificial-intelligence,30분 요약 강좌 시즌3 : 초급자를 위한 손에 잡히는 딥러닝!
AI 기술,artificial-intelligence,6일 만에 배우는 파이토치 딥러닝 기초
AI 기술,artificial-intelligence,90분 완성: LLM Agent 입문부터 실전까지 – 실습으로 배우는 AI 에이전트
AI 기술,artificial-intelligence,<밑바닥부터 만들면서 배우는 LLM> 해설 강의
AI 기술,artificial-intelligence,AI Agent with LangGraph version 1 기초부터 고급까지
AI 기술,artificial-intelligence,AI 댓글 자동화 프로그램 개발 강의 (네이버 블로그)
AI 기술,artificial-intelligence,AI 리터러시의 이해
AI 기술,artificial-intelligence,AI 시대 대체되지 않는 실리콘밸리 인턴십 및 미국 빅테크 시스템 디자인 & 오픈소스 실무 기여 완성 코스
AI 기술,artificial-intelligence,AI 에이전트 & AI 자동화 완벽 가이드 (2025) - n8n
AI 기술,artificial-intelligence,AI 에이전트 개발 오리엔테이션
AI 기술,artificial-intelligence,"AI 에이전트 입문 치트키, Claude MCP로 끝내는 업무 자동화"
AI 기술,artificial-intelligence,AI 에이전트로 구현하는 RAG 시스템(w. LangGraph)
AI 기술,artificial-intelligence,AI 입문자를 위한 MS AI 핵심기술 완전정복
AI 기술,artificial-intelligence,AI 커리어 스쿨 (in 부산 · 울산 · 경남)
AI 기술,artificial-intelligence,AI 컴퓨터비전 엔지니어 KDT 부트캠프
AI 기술,artificial-intelligence,AI 포트폴리오 만들기 - Airbnb 클론 프로젝트
AI 기술,artificial-intelligence,AI 플랫폼을 활용한 빅데이터 분석 전문가 [KDT) 5기
AI 기술,artificial-intelligence,AI 활용법: 전자책 제작편
AI 기술,artificial-intelligence,AI(인공지능) 철학-인공지능 시대의 윤리와 도전
AI 기술,artificial-intelligence,AI로 돈 버는 법 - 사례로 알아보는 AI Transformation
AI 기술,artificial-intelligence,AI를 활용한 제조업 분야의 실무 적용 전략(건설/토목 분야)
AI 기술,artificial-intelligence,AI를 활용한 제조업 분야의 실무 적용 전략(기계/금속 가공 분야)
AI 기술,artificial-intelligence,AI를 활용한 제조업 분야의 실무 적용 전략(식품/의약품 분야)
AI 기술,artificial-intelligence,AI를 활용한 제조업 분야의 실무 적용 전략(자동차/부품 분야)
AI 기술,artificial-intelligence,AI를 활용한 제조업 분야의 실무 적용 전략(전자/반도체 분야)
AI 기술,artificial-intelligence,AI를 활용한 제조업 분야의 실무 적용 전략(조선/해운 분야)
AI 기술,artificial-intelligence,AI를 활용한 제조업 분야의 실무 적용 전략(화학/정밀화학 분야)
AI 기술,artificial-intelligence,AI를 효율적으로 조작하자! ChatGPT 프롬프트 엔지니어링 Part. 1
AI 기술,artificial-intelligence,AI를 효율적으로 조작하자! ChatGPT 프롬프트 엔지니어링 Part. 2
AI 기술,artificial-intelligence,"AI에게 좋은 답을 얻으려면, AI처럼 생각하라! 컴퓨팅 사고력"
AI 기술,artificial-intelligence,AI와 데이터 분석의 기본: Numpy & Pandas 입문
AI 기술,artificial-intelligence,AI와 함께 배우는 Next.js
AI 기술,artificial-intelligence,AI의 대 해적시대가 열렸습니다.
AI 기술,artificial-intelligence,AI활용 디지털전환 (Digital Transformation Using AI)
AI 기술,artificial-intelligence,AWS DeepRacer로 배우는 인공지능과 자율주행
AI 기술,artificial-intelligence,AWS 국제공인 AI 전문가(AWS Certified AI Practitioner) 기출문제 풀이
AI 기술,artificial-intelligence,Advanced concepts for Deep learning
AI 기술,artificial-intelligence,C# OpenCV 컴퓨터비전 입문 강좌
AI 기술,artificial-intelligence,CEO 및 리더를 위한 제조 혁신과 AI 빅데이터
AI 기술,artificial-intelligence,CUDA 프로그래밍 (0) - C/C++/GPU 병렬 컴퓨팅 - 공개 샘플 강의
AI 기술,artificial-intelligence,CUDA 프로그래밍 (1) - C/C++/GPU 병렬 컴퓨팅 - CUDA 커널 kernel
AI 기술,artificial-intelligence,CUDA 프로그래밍 (2) - C/C++/GPU 병렬 컴퓨팅 - 벡터 vector 더하기
AI 기술,artificial-intelligence,CUDA 프로그래밍 (3) - C/C++/GPU 병렬 컴퓨팅 - 메모리 구조
AI 기술,artificial-intelligence,CUDA 프로그래밍 (4) - C/C++/GPU 병렬 컴퓨팅 - 행렬 matrix 곱하기
AI 기술,artificial-intelligence,CUDA 프로그래밍 (5) - C/C++/GPU 병렬 컴퓨팅 - 아토믹 연산 atomic op
AI 기술,artificial-intelligence,CUDA 프로그래밍 (6) - C/C++/GPU 병렬 컴퓨팅 - 서치 & 소트
AI 기술,artificial-intelligence,"Chat GPT, DALL-E로 배우는 생성형 AI의 핵심원리"
AI 기술,artificial-intelligence,ChatGPT API를 이용한 인공지능 웹서비스 개발
AI 기술,artificial-intelligence,ChatGPT 최신 모델 프롬프트 엔지니어링 바이블
AI 기술,artificial-intelligence,Claude + IntelliJ로 TodoList 개발하기 - MCP 완전 정복
AI 기술,artificial-intelligence,Cloud 입문자를 위한 Azure 기초 완전정복
AI 기술,artificial-intelligence,CrewAI와 LLM으로 인공지능 판사 만들기
AI 기술,artificial-intelligence,"DDPM 부터 DDIM 까지, 구현하며 배우는 Diffusion 완전정복 I"
AI 기술,artificial-intelligence,"DNN, CNN, RNN을 활용한 딥러닝 실무"
AI 기술,artificial-intelligence,DataScience와 AI의 개념 (공부하는 방법)
AI 기술,artificial-intelligence,Do It! 딥러닝 입문
AI 기술,artificial-intelligence,FEEL THE AGI: LLM과 AI Agent
AI 기술,artificial-intelligence,GA4·태블로·AI - 1 DAY 부트캠프
AI 기술,artificial-intelligence,GAMMA 마스터 코스: AI를 사용해 프레젠테이션을 자동 생성하는 방법
AI 기술,artificial-intelligence,GPT + Bitget API로 만드는 실전 자동매매: 나만의 선물거래 봇 완전히 구현
AI 기술,artificial-intelligence,GPT API를 활용한 Youtube 영상 요약 AI 만들기
AI 기술,artificial-intelligence,GPT 논문 구현으로 배우는 딥러닝 논문 구현 with TensorFlow 2.0 Part 1
AI 기술,artificial-intelligence,GPU 프로그래밍 언어 CUDA(쿠다) 기초
AI 기술,artificial-intelligence,"Gen AI RAG 실전 가이드, Langchain을 활용한 AI 챗봇 완전정복"
AI 기술,artificial-intelligence,HR 실무 시나리오로 배우는 M365 코파일럿
AI 기술,artificial-intelligence,ISTQB AI Testing - 베스트 프랙티스를 배우고 시험에 대비
AI 기술,artificial-intelligence,IT 서비스기획/PM 부트캠프 Creator 15기 모집
AI 기술,artificial-intelligence,"JAVA 실전 AI (feat. OpenAI, ChatGPT)"
AI 기술,artificial-intelligence,JavaScript와 Tensorflow.js로 배우는 머신러닝
AI 기술,artificial-intelligence,"LDM 부터 DiT 까지, 구현하며 배우는 Diffusion 완전정복 II"
AI 기술,artificial-intelligence,LLM Application In Production
AI 기술,artificial-intelligence,LLM Application 개발 경험 공유회
AI 기술,artificial-intelligence,LLM Finetuning : RunPod와 Multi-GPU 실습
AI 기술,artificial-intelligence,LLM 기초부터 최신 RAG·LangChain까지: 단 5시간 만에 LLM 기초과정 마스터!
AI 기술,artificial-intelligence,LLM 데이터 분석 - 웹 크롤링부터 추천 시스템까지
AI 기술,artificial-intelligence,LLM 애플리케이션 경험 공유회
AI 기술,artificial-intelligence,LLM의 역사와 발전
AI 기술,artificial-intelligence,LangGraph 실전: LLM으로 고급 AI 에이전트 개발하기
AI 기술,artificial-intelligence,LangGraph를 활용한 AI Agent 개발 (feat. MCP)
AI 기술,artificial-intelligence,ML/AI 엔지니어 면접 문항 총정리
AI 기술,artificial-intelligence,Next.js와 yolov11로 화재감지 시스템 구축하기
AI 기술,artificial-intelligence,OpenAI API 를 이용한 생성형 AI 프로그램 개발
AI 기술,artificial-intelligence,OpenAI(ChatGPT) With Java AI
AI 기술,artificial-intelligence,"OpenAI를 활용한 나만의 AI 에이전트 만들기 (Agent Builder, GPT-5, Chatkit, Cloudflare, MCP, Fine Tuning, CoT 등)"
AI 기술,artificial-intelligence,OpenCV + WebApp (얼굴 눈 검출 웹앱만들기)
AI 기술,artificial-intelligence,OpenCV 강좌 - 컴퓨터 비전
AI 기술,artificial-intelligence,OpenCV 를 활용한 명함인식 기능 구현 강좌
AI 기술,artificial-intelligence,"Pixart & SANA, 구현하며 배우는 Diffusion 완전정복 III"
AI 기술,artificial-intelligence,Prompt Engineering: 완벽 가이드
AI 기술,artificial-intelligence,Python을 이용한 딥러닝 활용
AI 기술,artificial-intelligence,RAG 마스터: 기초부터 고급기법까지 (feat. LangChain)
AI 기술,artificial-intelligence,RAG 성능의 한계를 뚫는 인지 부하 관리 기술
AI 기술,artificial-intelligence,RAG를 활용한 LLM Application 개발 (feat. LangChain)
AI 기술,artificial-intelligence,R로 무작정 해보는 data science
AI 기술,artificial-intelligence,R로 쉽게 배우는 강화학습
AI 기술,artificial-intelligence,Spring AI 실전 가이드: RAG 챗봇 만들기
AI 기술,artificial-intelligence,Spring WebFlux + LLM 실전 구현
AI 기술,artificial-intelligence,TensorFlow 2.0으로 배우는 딥러닝 입문
AI 기술,artificial-intelligence,TensorFlow Object Detection API 가이드 Part1 - 코드 10줄 수정으로 물체검출하기
AI 기술,artificial-intelligence,TensorFlow로 배우는 심층 강화학습 입문 - Deep Reinforcement Learning
AI 기술,artificial-intelligence,"The Complete AI Coding Course (2025) - Cursor, Claude Code- Vibe Coding"
AI 기술,artificial-intelligence,TypeScript로 시작하는 LangChain - LLM & RAG 입문
AI 기술,artificial-intelligence,U-Net 구현으로 배우는 딥러닝 논문 구현 with TensorFlow 2.0 - 딥러닝 의료영상 분석
AI 기술,artificial-intelligence,YOLO 구현으로 배우는 딥러닝 논문 구현 with TensorFlow 2.0
AI 기술,artificial-intelligence,[10월 정기 교육 세션 다시보기] LLM(거대 언어 모델)과 데이터 분석의 자동화
AI 기술,artificial-intelligence,[7일 완성] 한 번에 합격하는 MS AI-900 자격증
AI 기술,artificial-intelligence,[AI 기초] AI Research Engineer를 위한 CNN 이해하기
AI 기술,artificial-intelligence,[AI 실무] AI Research Engineer를 위한 논문 구현 시작하기 with PyTorch
AI 기술,artificial-intelligence,[AI 실습] Prompt-to-prompt 논문 구현을 통해 이해하는 Diffusion 모델
AI 기술,artificial-intelligence,[ICT 아카이브] 빅데이터 핵심과 비즈니스모델
AI 기술,artificial-intelligence,[LLM 101] LLM 초보를 위한 Llama SFT 강의 (feat. ChatApp Poc)
AI 기술,artificial-intelligence,"[NLP 완전정복 II] Transformer 구조 해부: Attention 확장부터 전체 모델 조립, 학습까지"
AI 기술,artificial-intelligence,[NLP 완전정복 I] Attention의 탄생: RNN·Seq2Seq의 한계부터 어텐션을 구현하며 이해하는 NLP
AI 기술,artificial-intelligence,[OpenCV] 파이썬 딥러닝 영상처리 프로젝트 - 손흥민을 찾아라!
AI 기술,artificial-intelligence,[OpenCV] 파이썬 딥러닝 영상처리 프로젝트 2 - 불량사과를 찾아라!
AI 기술,artificial-intelligence,[PyTorch] 쉽고 빠르게 배우는 GAN
AI 기술,artificial-intelligence,[PyTorch] 쉽고 빠르게 배우는 NLP
AI 기술,artificial-intelligence,[PyTorch] 쉽고 빠르게 배우는 딥러닝
AI 기술,artificial-intelligence,[Python 초보] Flutter로 만드는 ChatGPT 음성번역앱
AI 기술,artificial-intelligence,[Pytorch] 파이토치를 활용한 딥러닝 모델 구축
AI 기술,artificial-intelligence,[Season 1] Spring AI 실전: 프리미엄 예약 AI 에이전트 개발
AI 기술,artificial-intelligence,[Season 2] Spring AI 실전: Multi AI 에이전트 시스템 개발
AI 기술,artificial-intelligence,[Sionic MCP 시리즈 1] Model Context Protocol 을 이용하여 IntelliJ 와 코딩해보자!
AI 기술,artificial-intelligence,[VLM101] 파인튜닝으로 멀티모달 챗봇 만들기 (feat.MCP)
AI 기술,artificial-intelligence,[kt cloud X goorm] DEEP DIVE 생성형 AI 응용 서비스 개발자 과정
AI 기술,artificial-intelligence,[개정판] 딥러닝 컴퓨터 비전 완벽 가이드
AI 기술,artificial-intelligence,[개정판] 파이썬 머신러닝 완벽 가이드
AI 기술,artificial-intelligence,[라즈베리파이] IoT 딥러닝 Computer Vision 실전 프로젝트
AI 기술,artificial-intelligence,[리뉴얼] 처음하는 파이썬 머신러닝 부트캠프 (쉽게! 실제 캐글 문제 풀며 정리하기) [데이터분석/과학 Part2]
AI 기술,artificial-intelligence,[모바일] 딥러닝 Computer Vision 실전 프로젝트
AI 기술,artificial-intelligence,[무료] Notion MCP: 입문에서 활용까지
AI 기술,artificial-intelligence,[무료] Python을 배우기 전에 배워야 할 Python 쌩기초
AI 기술,artificial-intelligence,[부트캠프] AI 인공지능컨택센터(AICC) 웹서비스 개발
AI 기술,artificial-intelligence,"[오프라인] 인프런과 함께 하는 기업 교육 트렌드 2025 : DX를 넘어 AX 교육으로, 효과적인 HRD 전략 설계"
AI 기술,artificial-intelligence,[입문/초급] 다양한 예제를 통한 추천 시스템 구현
AI 기술,artificial-intelligence,[입문자를 위한] 캐글로 시작하는 머신러닝 • 딥러닝 분석
AI 기술,artificial-intelligence,[초급자를 위한] AutoKeras로 배우는 머신러닝 분석
AI 기술,artificial-intelligence,"[텐서플로2] 파이썬 딥러닝 완전정복 - GAN, BERT, RNN, CNN 최신기법"
AI 기술,artificial-intelligence,[텐서플로2] 파이썬 머신러닝 완전정복 - 마라톤 기록예측 프로젝트
AI 기술,artificial-intelligence,[파이썬] 수학없이 머신러닝 쉽게 이해하고 구현하기
AI 기술,artificial-intelligence,[파이토치] 실전 인공지능으로 이어지는 딥러닝 - 기초부터 논문 구현까지
AI 기술,artificial-intelligence,chatGPT를 활용한 실무 활용 ALL-IN ONE 패키지
AI 기술,artificial-intelligence,graphRAG - Neo4J로 구현하는 지식 그래프 기반 RAG 시스템 (feat. LangChain)
AI 기술,artificial-intelligence,n8n으로 완성하는 AI 에이전트 - 나를 대신할 업무 자동화 입문
AI 기술,artificial-intelligence,강화학습 기초 이론
AI 기술,artificial-intelligence,"강화학습 올인원: 기초, 최신 알고리즘, 실무 활용까지"
AI 기술,artificial-intelligence,강화학습 입문에서 Deep Q-learning/Policy Gradient까지
AI 기술,artificial-intelligence,개발자의 미래! AI를 이용한 바이브 코딩 Part 1 - Cursor를 이용한 나만의 MCP 서버 만들기
AI 기술,artificial-intelligence,게임 개발을 위한 수학 (PART 1)
AI 기술,artificial-intelligence,고급 LangChain 기법: RAG 애플리케이션 마스터하기
AI 기술,artificial-intelligence,고스트 인 더 N8N (AI Automaition Workflow)
AI 기술,artificial-intelligence,고품질 AI 에이전트를 만들기 위한 컨텍스트 엔지니어링(Context Engineering)
AI 기술,artificial-intelligence,구현하며 배우는 Transformer
AI 기술,artificial-intelligence,구현하며 이해하는 이미지 생성모델 - CNN 기초부터 Diffusion까지
AI 기술,artificial-intelligence,구현하며 이해하는 이미지 생성모델 - 활용
AI 기술,artificial-intelligence,기계학습 알고리즘 - 회귀분석과 의사결정나무
AI 기술,artificial-intelligence,김일한의 인공지능을 위한 텐서플로2 + 케라스 라이브러리 실전 적용
AI 기술,artificial-intelligence,나만의 웹서비스 하루만에 만드는 바이브코딩 워크샵
AI 기술,artificial-intelligence,내가 타이타닉에 탔었다면?! PyTorch & Next.js로 생존 확률 예측 AI 웹 서비스 만들기
AI 기술,artificial-intelligence,노코드 자동화 입문부터 실전까지: n8n 완전정복 (한국 최초 n8n 앰버서더 직강)
AI 기술,artificial-intelligence,누구나 가능! 코딩 없이 나만의 서비스 만드는 '바이브코딩'
AI 기술,artificial-intelligence,"대규모 언어 모델, 핵심만 빠르게!"
AI 기술,artificial-intelligence,대규모 언어 모형(LLM)의 기초 원리 이해
AI 기술,artificial-intelligence,대세는 바이브 코딩과 MCP_Cursor AI로 시작하기
AI 기술,artificial-intelligence,대학원 안가고 딥러닝 공부할래요 - Basis for deep learning
AI 기술,artificial-intelligence,데이터 분석의 시작: 비전공자를 위한 파이썬 기초 문법과 실습
AI 기술,artificial-intelligence,데이터기반으로 AI를 활용하는 서비스기획/PM 부트캠프 Creator 16기
AI 기술,artificial-intelligence,두근두근 인공지능 - 개념편 -
AI 기술,artificial-intelligence,두근두근 인공지능 - 실습편 -
AI 기술,artificial-intelligence,딥러닝 CNN 완벽 가이드 - Pytorch 버전
AI 기술,artificial-intelligence,딥러닝 CNN 완벽 가이드 - TFKeras 버전
AI 기술,artificial-intelligence,딥러닝 기반 이미지·객체 인식: CNN에서 YOLO·DETR까지
AI 기술,artificial-intelligence,딥러닝 실무 프로젝트
AI 기술,artificial-intelligence,딥러닝 이론 + PyTorch 실무 완전 정복
AI 기술,artificial-intelligence,딥러닝 입문
AI 기술,artificial-intelligence,딥러닝 차세대 혁신기술 - 물리 정보 신경망 입문과 Pytorch 실습
AI 기술,artificial-intelligence,"딥러닝부터 AI Agent, MCP까지: 한번에 끝내는 생성형 AI 구현"
AI 기술,artificial-intelligence,딥러닝을 활용한 자연어 처리 (NLP) 과정 (기초부터 ChatGPT/생성 모델까지)
AI 기술,artificial-intelligence,따라하면서 배우는 3D Human Pose Estimation과 실전 프로젝트
AI 기술,artificial-intelligence,"따라하면서 배우는 골프 자세 검출, Human Pose를 이용한 Event Detection"
AI 기술,artificial-intelligence,루트임팩트 AI 커리어 스쿨 해커톤
AI 기술,artificial-intelligence,만들면서 배우는 인공지능(강화학습 편)
AI 기술,artificial-intelligence,"만약 ""영업사원""이 바이브 코딩을 배운다면 (Bolt)"
AI 기술,artificial-intelligence,맞춤형 LLM 만들기 : 처음 시작하는 분을 위한 RAG 기초 개념부터 멀티모달·Agent 실습까지
AI 기술,artificial-intelligence,머신러닝 기초부터 탄탄히 정복하기
AI 기술,artificial-intelligence,"머신러닝 모델을 활용한 Android, iOS 앱 개발"
AI 기술,artificial-intelligence,머신러닝 엔지니어 실무
AI 기술,artificial-intelligence,머신러닝 엔지니어가 알려주는 [아는 만큼 보이는 AI]
AI 기술,artificial-intelligence,머신러닝 이론 및 파이썬 실습
AI 기술,artificial-intelligence,머신러닝 처음 시작하기 (기초 원리 + 초급 실습)
AI 기술,artificial-intelligence,"머신러닝, 딥러닝 기초 with Python, Keras"
AI 기술,artificial-intelligence,"머신러닝, 딥러닝 입문 : 알고리즘 이해하기"
AI 기술,artificial-intelligence,"머신러닝, 핵심만 빠르게!"
AI 기술,artificial-intelligence,머신러닝/딥러닝 소개 및 학습을 위한 파이썬 속성 과정
AI 기술,artificial-intelligence,메이드 인 RAG(로컬 LLM QA시스템) With Docker + ollama + R2R
AI 기술,artificial-intelligence,메이커에서 디렉터로: AX시대에 디자이너가 살아남는 법
AI 기술,artificial-intelligence,"모두를 위한 대규모 언어 모델 LLM Part 3 - 구글 제미나이(Google Gemini) API, OpenAI API와 젬마(Gemma)로 AI 어플리케이션 만들기"
AI 기술,artificial-intelligence,모두를 위한 대규모 언어 모델 LLM Part 4 - AI 고객센터 챗봇(AICC)을 만들며 배우는 RAG 구현
AI 기술,artificial-intelligence,모두를 위한 대규모 언어 모델 LLM Part 5 - LangGraph로 나만의 AI 에이전트 만들기
AI 기술,artificial-intelligence,모두를 위한 대규모 언어 모델 LLM Part 6 - 프로젝트로 배우는 LangGraph를 이용한 AI 에이전트 구현
AI 기술,artificial-intelligence,모두를 위한 대규모 언어 모델 LLM(Large Language Model) Part 1 - Llama 2 Fine-Tuning 해보기
AI 기술,artificial-intelligence,모두를 위한 대규모 언어 모델 LLM(Large Language Model) Part 2 - 랭체인(LangChain)으로 나만의 ChatGPT 만들기
AI 기술,artificial-intelligence,모두를 위한 딥러닝 - Deep Reinforcement Learning
AI 기술,artificial-intelligence,모두를 위한 딥러닝 - 기본적인 머신러닝과 딥러닝 강좌
AI 기술,artificial-intelligence,모두의 한국어 텍스트 분석과 자연어처리 with 파이썬
AI 기술,artificial-intelligence,모든 직장인을 위한 누구나 이해할 수 있는 인공지능
AI 기술,artificial-intelligence,"미드저니 마스터 클래스, 미드저니로 생성하고 포토샵으로 완성하는 AI 디자인 실무"
AI 기술,artificial-intelligence,바로 쓰는 AI 에이전트 첫걸음 – 누구나 필요한 지금 당장 써먹는 핵심부터 실무 지식까지!
AI 기술,artificial-intelligence,바이브 코딩으로 만드는 재미있는 재무제표 (커서 ai)
AI 기술,artificial-intelligence,베개 투자법: 자면서 돈 버는 AI 주식 자동 매매 머신
AI 기술,artificial-intelligence,비개발자 4주만에 수익화 서비스 만들기: AI 바이브코딩 웹 + 앱 ALL IN ONE
AI 기술,artificial-intelligence,비전공자 혼자서 하루 만에 수익화 앱 출시하기
AI 기술,artificial-intelligence,비전공자/입문자를 위한 Data Science(DS)와 AI 학습 & 취업 가이드
AI 기술,artificial-intelligence,비즈니스맨을 위한 생성형 AI활용법
AI 기술,artificial-intelligence,빠르게 시작하는 Gemini API With Python
AI 기술,artificial-intelligence,뼛속까지 문과생도 단번에 이해하는 쉬운 말로 풀어 쓴 머신러닝 이야기
AI 기술,artificial-intelligence,뿌리 깊은 딥러닝
AI 기술,artificial-intelligence,사례로 배우는 Make 자동화의 모든 것
AI 기술,artificial-intelligence,삼각형의 실전! OpenAI Triton 초급
AI 기술,artificial-intelligence,삼정KPMG Future Academy AI 활용 데이터 분석가 과정
AI 기술,artificial-intelligence,"생각보다 쉬운 AI Agent, Azure와 함께 개발하기"
AI 기술,artificial-intelligence,생성모델 튜닝 어디까지 왔나? - Langcon 2024
AI 기술,artificial-intelligence,생성형 AI 기초와 동작 원리 이해
AI 기술,artificial-intelligence,수많은 AI 회사들을 만나며 느낀 AI 개발의 현주소
AI 기술,artificial-intelligence,"수익형 AI Agent n8n 전문가 강의, 블로그·쇼츠 자동화"
AI 기술,artificial-intelligence,수학 없이 시작하는 인공지능 첫걸음: 기초부터 최신 트렌드까지
AI 기술,artificial-intelligence,스파크 머신러닝 완벽 가이드 - Part 1
AI 기술,artificial-intelligence,신경식의 딥러닝 - Gradient Descent
AI 기술,artificial-intelligence,신경식의 딥러닝 - Gradient-based Linear Regression (1)
AI 기술,artificial-intelligence,신경식의 딥러닝 - Gradient-based Linear Regression (2)
AI 기술,artificial-intelligence,신경식의 딥러닝 - Gradients and PyTorch's Autograd
AI 기술,artificial-intelligence,실리콘밸리 엔지니어와 함께하는 MLflow
AI 기술,artificial-intelligence,실리콘밸리 엔지니어와 함께하는 OpenAI API (ChatGPT)
AI 기술,artificial-intelligence,실리콘밸리 엔지니어와 함께하는 랭체인(LangChain)과 랭그래프(LangGraph) 그리고 MCP
AI 기술,artificial-intelligence,실전 데이터 사이언스 Part 3. 머신러닝의 이해
AI 기술,artificial-intelligence,실전 인공지능으로 이어지는 딥러닝 개념 잡기
AI 기술,artificial-intelligence,실전도커: 도커로 나만의 딥러닝 클라우드 컴퓨터 만들기
AI 기술,artificial-intelligence,쏙쏙 이해되는 강화학습 핵심이론
AI 기술,artificial-intelligence,"알고리즘 트레이딩의 비밀, AI가 주가를 맞추는 법"
AI 기술,artificial-intelligence,"업무 최대 70% 줄이는, AI로 직원 만들기 '업무 자동화'특강"
AI 기술,artificial-intelligence,엑셀로 만드는 딥러닝 - 분류
AI 기술,artificial-intelligence,엑셀로 만드는 딥러닝 프레임워크
AI 기술,artificial-intelligence,엑셀로 맛보는 딥러닝
AI 기술,artificial-intelligence,엑셀로 맛보는 딥러닝 - 깊게 쌓기
AI 기술,artificial-intelligence,엑셀로 맛보는 딥러닝 -CNN
AI 기술,artificial-intelligence,엣지 컴퓨팅 기초와 활용: 개념부터 실전 구축 전략
AI 기술,artificial-intelligence,예제로 배우는 딥러닝 자연어 처리 입문 NLP with TensorFlow - RNN부터 BERT까지
AI 기술,artificial-intelligence,우리 엄마도 할 수 있는 머신러닝 (기초실습)
AI 기술,artificial-intelligence,우리 엄마도 할 수 있는 머신러닝 (기초이론)
AI 기술,artificial-intelligence,우리 엄마도 할 수 있는 머신러닝 (심화이론)
AI 기술,artificial-intelligence,원고 생성기 프로그램 개발 강의 (Chatgpt api)
AI 기술,artificial-intelligence,원클릭으로 AI가 생성해주는 Youtube 쇼츠 만들기 자동화(with n8n)
AI 기술,artificial-intelligence,유니티 머신러닝 에이전트 완전정복 (기초편)
AI 기술,artificial-intelligence,유니티 머신러닝 에이전트 완전정복 (응용편)
AI 기술,artificial-intelligence,"인공신경망 이론과 DNN, CNN 아키텍처 이해 및 구현"
AI 기술,artificial-intelligence,인공지능 R GO! 하자!
AI 기술,artificial-intelligence,"인공지능 대학원 준비 A-Z: 스펙 정리에서 컨택, 서류, 면접까지"
AI 기술,artificial-intelligence,인공지능 코딩을 위한 엔트리
AI 기술,artificial-intelligence,인공지능 활용 추천 시스템
AI 기술,artificial-intelligence,인공지능(AI) - 무료 AI 이미지를 만들어주는 텐서아트(Tensor Art) 배우기
AI 기술,artificial-intelligence,"인공지능(AI) - 새로운 비디오, 동영상를 만들어 주는 런웨이(runway ai) 배우기"
AI 기술,artificial-intelligence,인공지능(AI) - 새로운 이미지를 만들어 주는 이디오그램(ideogram ai) 배우기
AI 기술,artificial-intelligence,인공지능(AI) - 인공지능으로 음악(작곡)을 만들어 주는 사운드로우(Soundraw ai) 배우기
AI 기술,artificial-intelligence,인공지능(AI) 프로젝트 제대로 배우기 Part.2 학습데이터 구축
AI 기술,artificial-intelligence,인공지능(AI) 프로젝트 제대로 배우기 Part.3
AI 기술,artificial-intelligence,인공지능(AI) 프로젝트 제대로 배우기 part.1
AI 기술,artificial-intelligence,인공지능은 어떻게 생각하고 배우는가? 머신러닝 완전 정복
AI 기술,artificial-intelligence,인공지능은 어떻게 학습할까? - 재미로 배우는 AI 원리
AI 기술,artificial-intelligence,인공지능을 활용한 이상거래 검출 기법
AI 기술,artificial-intelligence,일센스 터진다 – 진짜 실무에 먹히는 노코드 AI 데이터 분석(개발업무편)
AI 기술,artificial-intelligence,"일하는 방식, 생성형 AI로 갈아탔습니다"
AI 기술,artificial-intelligence,입문자를 위한 LangChain 기초
AI 기술,artificial-intelligence,자바 머신러닝 weka(웨카) 중급
AI 기술,artificial-intelligence,자바 머신러닝 weka(웨카) 초급
AI 기술,artificial-intelligence,자바 스프링 부트 프로젝트와 파이썬 AI 프로젝트 연결하기
AI 기술,artificial-intelligence,자바스크립트 머신러닝 TensorFlow.js
AI 기술,artificial-intelligence,장박사의 빅데이터와 인공지능 입문
AI 기술,artificial-intelligence,지금 당장 AI 특이점 경험하기 [Text To Image]
AI 기술,artificial-intelligence,직관적으로 이해하는 딥러닝 트랜스포머
AI 기술,artificial-intelligence,진짜 왕초보를 위한 딥러닝
AI 기술,artificial-intelligence,"진짜 현장에서 통하는 OCR, 이렇게 만듭니다."
AI 기술,artificial-intelligence,차량 번호판 인식 프로젝트와 TensorFlow로 배우는 딥러닝 영상인식 올인원
AI 기술,artificial-intelligence,챗GPT와 파이썬으로 유튜브 AI 직원 만들기
AI 기술,artificial-intelligence,처음 해보는 맞춤형 LLM 만들기 – LoRA & QLoRA 파인튜닝 입문
AI 기술,artificial-intelligence,처음하는 딥러닝과 파이토치(Pytorch) 부트캠프 (쉽게! 기본부터 챗GPT 핵심 트랜스포머까지) [데이터분석/과학 Part3]
AI 기술,artificial-intelligence,초간단 예제로 배우는 딥러닝 입문
AI 기술,artificial-intelligence,초보자를 위한 ChatGPT API 활용법 - API 기본 문법부터 12가지 프로그램 제작 배포까지
AI 기술,artificial-intelligence,최신 논문과 유튜브 동영상으로 만드는 2D Pose estimation 실전 프로젝트 따라하기
AI 기술,artificial-intelligence,최신 딥러닝 기술 Vision Transformer 개념부터 Pytorch 구현까지
AI 기술,artificial-intelligence,최신 딥러닝 기술과 객체인식
AI 기술,artificial-intelligence,최신 빅데이터 및 인공지능 트렌드 이해
AI 기술,artificial-intelligence,최적화이론 Bible
AI 기술,artificial-intelligence,최초로 공개된 OpenAI ChatGPT 오픈소스 GPT-OSS 누구보다 빠르게 찍먹하기
AI 기술,artificial-intelligence,캐글 Advanced 머신러닝 실전 박치기
AI 기술,artificial-intelligence,컴퓨터 비전 올인원: 12시간에 끝내는 10개의 실전 프로젝트
AI 기술,artificial-intelligence,"컴퓨터 비전 이상 탐지, 개발부터 배포까지 올인원 마스터"
AI 기술,artificial-intelligence,"케라스, 인공지능의 공용어 완전정복"
AI 기술,artificial-intelligence,케라스를 이용한 딥러닝
AI 기술,artificial-intelligence,"코드 5줄의 마법, 5줄 머신러닝 PyCaret: 데이터 분석 프로젝트에 AutoML 날개 달기"
AI 기술,artificial-intelligence,코드로 한 방에 이해되는 파이토치_프로젝트편
AI 기술,artificial-intelligence,코드로 한 번에 이해되는 파이토치_기본편
AI 기술,artificial-intelligence,코딩 없이 AI 앱 만들기: Dify 노코드 완전 정복
AI 기술,artificial-intelligence,"코딩 없이 AI 자동화 전문가가 되는 법, n8n 완벽 가이드"
AI 기술,artificial-intelligence,코딩이 필요한 당신에게 CURSOR AI 입문기 with Claude Code
AI 기술,artificial-intelligence,클로드 코드 완벽 마스터: AI 개발 워크플로우 기초부터 실전까지 (with 커서 AI)
AI 기술,artificial-intelligence,텐서플로우 2.0으로 배우는 딥러닝 기초
AI 기술,artificial-intelligence,통합된 툴로 더 효율적인 에이전트 빌드하기: Azure AI + Copilot Studio
AI 기술,artificial-intelligence,파이썬 기초 라이브러리부터 쌓아가는 머신러닝
AI 기술,artificial-intelligence,파이썬 머신러닝
AI 기술,artificial-intelligence,파이썬 무료 강의 (활용편7) - 머신러닝
AI 기술,artificial-intelligence,파이썬과 딥러닝을 활용한 시계열 자료 처리
AI 기술,artificial-intelligence,"파이썬으로 시작하는 머신러닝+딥러닝(sklearn을 이용한 머신러닝부터 TensorFlow, Keras를 이용한 딥러닝 개발까지)"
AI 기술,artificial-intelligence,파이썬으로 해보는 인공지능
AI 기술,artificial-intelligence,파이썬으로 해보는 자율주행
AI 기술,artificial-intelligence,파이썬을 활용한 머신러닝 딥러닝 입문
AI 기술,artificial-intelligence,판교 퇴근길 밋업 with 인프런 #09 AI 개발
AI 기술,artificial-intelligence,"풀 AI 코스 2025: ChatGPT, Gemini, Midjourney, Firefly"
AI 기술,artificial-intelligence,"프로젝트로 배우는 Python 챗봇 & RAG - LangChain, Gradio 활용"
AI 기술,artificial-intelligence,프롬프트 엔지니어링
AI 기술,artificial-intelligence,프롬프트 엔지니어링 완전 정복
AI 기술,artificial-intelligence,하루만에 배우는 ChatGPT API
AI 기술,artificial-intelligence,하이퀄리티 AI 영상 올인원 클래스: 미드저니 & 런웨이 (25+a 장면 제작)
AI 기술,artificial-intelligence,학부생 때 논문 2편 작성한 대학원생이 알려주는 인공지능 입문 공부법
AI 기술,artificial-intelligence,"한 번에 끝내는 AI 에이전트 개발 올인원 (w. LangGraph, Google ADK, CrewAI)"
AI 기술,artificial-intelligence,한시간으로 끝내는 LangChain 기본기
AI 기술,artificial-intelligence,"핵심만 빠르게, 입문자를 위한 딥러닝(Deep Learning)과 텐서플로(TensorFlow)"
AI 기술,artificial-intelligence,핵심을 찾아내는 침해사고 분석
AI 기술,artificial-intelligence,핸즈온 머신러닝 2
AI 기술,artificial-intelligence,현업 실무자에게 배우는 Kaggle 머신러닝 입문 - ML 엔지니어 실무 꿀팁
AI 기술,artificial-intelligence,혼자 공부하는 머신러닝+딥러닝
AI 기술,artificial-intelligence,"회사에서 바로 쓰는 업무자동화 AI 에이전트 (w. n8n, LangGraph)"
AI 기술,artificial-intelligence,🔥실시간 HOT
AI 활용,Applied-ai,(GPT-5) 챗GPT와 파이썬으로 주식 자동매매 앱 및 웹 투자 리포트 만들기
AI 활용,Applied-ai,(일상에서 비즈니스까지)AI+PPT 콘텐츠 제작
AI 활용,Applied-ai,100가지 프롬프트로 배우는 AI 활용법: 입문편
AI 활용,Applied-ai,2024년 가장 최신의 ChatGPT 마스터 클래스
AI 활용,Applied-ai,2024년 챗GPT 한방에 끝내기
AI 활용,Applied-ai,2025 끝장내는 챗GPT
AI 활용,Applied-ai,"3시간 완성, 비개발자를 위한 최소한의 SQL"
AI 활용,Applied-ai,AI Tech DNA Series: AI 관점에서 바라보는 컴퓨터 기초 핵심 원리
AI 활용,Applied-ai,"AI 도구 활용한 영상 만들기(feat. Chat GPT, D-ID, 네이버 클로바 더빙, 레오나르도 AI)"
AI 활용,Applied-ai,AI 도구와 피그마를 활용한 앱 서비스 기획
AI 활용,Applied-ai,AI 리터러시: 비전공자를 위한 생성형 AI 입문
AI 활용,Applied-ai,"AI 뷰티/화장품 이미지, 영상 A to Z 올인원 패키지"
AI 활용,Applied-ai,AI 브랜드 마케팅의 A to Z : 세계관 애니메이션·상세페이지·구매전환 영상까지!
AI 활용,Applied-ai,AI 블로그: 콘텐츠 기획부터 완성까지(전자책 PDF 제공)
AI 활용,Applied-ai,AI 비서 NotebookLM 완전 정복: 직장인의 보고서·회의·데이터 분석 효율 10배 높이기
AI 활용,Applied-ai,"AI 시대, 반나절 만에 웹사이트 개발부터 배포까지 바이브 코딩 with MCP & Gemini CLI"
AI 활용,Applied-ai,"AI 시대, 비전공자도 2시간 만에 Flutter 배우고 공공데이터 주식 앱 개발하는 법 (무료 Gemini pro 바이브코딩)"
AI 활용,Applied-ai,AI 시대의 프로덕트 디자인 - Figma Meetup in Korea
AI 활용,Applied-ai,AI 애니메이션 동화 컨텐츠 일주일 완성
AI 활용,Applied-ai,"AI 에이전트의 대세, 펠로(Felo) 워크플로우로 리서치부터 시각화까지"
AI 활용,Applied-ai,AI 영상 제작 베이직: 미드저니 & 런웨이 필수 기능편
AI 활용,Applied-ai,AI 영상으로 미국 시장 뚫고 온 5개월의 여정기
AI 활용,Applied-ai,AI 프로덕트를 기획 및 디자인할 때 알아야 할 UX의 모든 것
AI 활용,Applied-ai,AI(미드저니와 ChatGPT) 활용해 터지는 이미지 만드는 방법과 사례
AI 활용,Applied-ai,AI가 말했다 그건 네가 안 해도 돼 - 반복 업무 대신 AI가 일하는 업무 자동화 입문
AI 활용,Applied-ai,"AI로 100배 빠르게 일하는 법, 극강의 업무 생산성을 위한 AI 비즈니스 마스터 클래스 (ChatGPT, Gemini, Notebook LM, Genspark, Skywork)"
AI 활용,Applied-ai,"AI로 만드는 패션 브랜드 올인원 - GPT, 미드저니"
AI 활용,Applied-ai,AI로 피그마에 날개 달기
AI 활용,Applied-ai,AI시대 데이터 직군을 위한 생존 전략
AI 활용,Applied-ai,AI시대 문제 해결의 새로운 패러다임 : HIPS
AI 활용,Applied-ai,AI시대의 웹개발 : 비동기 프로그래밍과 데이터 통신 최적화(프롱트 특강)
AI 활용,Applied-ai,"AI툴을 활용한 바이브코딩으로 월 1,000만원 벌기"
AI 활용,Applied-ai,Chat GPT로 엑셀함수와 매크로(VBA코드) 활용하기
AI 활용,Applied-ai,ChatGPT × Excel 실무 활용법: 누구나 쉽게 시작하는 업무자동화
AI 활용,Applied-ai,ChatGPT 고급 활용법 – 남들보다 100배 더 잘 쓰는 ChatGPT 비법 클래스
AI 활용,Applied-ai,ChatGPT 더 잘 사용하기_프롬프트 엔지니어링
AI 활용,Applied-ai,ChatGPT 만능 프롬프트로 이력서와 자기소개서 완성하기
AI 활용,Applied-ai,ChatGPT 사용 가이드 : 핵심 프롬프트 엔지니어링
AI 활용,Applied-ai,ChatGPT 실무에 100% 활용하기
AI 활용,Applied-ai,ChatGPT 전략적 활용법 – 리더를 위한 생성형 AI 비즈니스 전략 과정
AI 활용,Applied-ai,"ChatGPT 질문법, 똑똑한 사람은 어떻게 생각하고 질문하는가"
AI 활용,Applied-ai,ChatGPT 프롬프트 엔지니어링 마스터 가이드 : 내 연봉의 숫자가 달라지는 마법 도구
AI 활용,Applied-ai,ChatGPT 활용 마스터 : AI 프롬프팅으로 완성하는 이력서와 면접
AI 활용,Applied-ai,ChatGPT 활용 생성형 AI 프롬프트 엔지니어링 실무
AI 활용,Applied-ai,ChatGPT 활용 예비창업패키지 사업계획서 작성하기
AI 활용,Applied-ai,ChatGPT 활용 전략기획 역량 강화
AI 활용,Applied-ai,"ChatGPT 활용법, 생성 AI 프롬프트 엔지니어링 A to Z - 인공지능의 이해와 활용"
AI 활용,Applied-ai,"ChatGPT, 내 동료가 되어라!"
AI 활용,Applied-ai,ChatGPT로 원어민스러운 영어공부하는 방법 | 주요 중요 명령어 모음 pdf 제공
AI 활용,Applied-ai,Cursor AI (커서) 입문에서 실전 웹사이트 만들기까지
AI 활용,Applied-ai,Cursor AI로 만드는 생산성 2배 Java Spring 개발
AI 활용,Applied-ai,Farm 온라인 게임 만들기 유니티와 뒤끝서버 AI사용해서 수익화하기
AI 활용,Applied-ai,GPTs로 생산성 10배 높이기 - 프롬프트 프레임워크 활용으로 차원이 다른 결과를 만들자
AI 활용,Applied-ai,"GPT로 자동 월급받는 방법, AI시대 돈버는 사람은 따로있다[AI수익화 1위 작가]"
AI 활용,Applied-ai,JetBrains와 Nebius가 함께하는 AI 기반 프로그래밍 강의 시리즈
AI 활용,Applied-ai,Kling AI 하나로 끝내는 영상 제작 – 기획부터 SNS 배포까지 90분 완성
AI 활용,Applied-ai,"Midjourney 실전활용 입문편 – 숏폼 광고, 이렇게 시작합니다"
AI 활용,Applied-ai,Next Level 기획자_AI 서비스 기획의 기술
AI 활용,Applied-ai,"N잡 시대, 누구나 30분만에 마스터하는 생성형 AI 컨텐츠 (Gemini, Kling 등 무료 사용법)"
AI 활용,Applied-ai,Orange를 활용한 코딩 없는 AI 데이터 분석 - Lv.0 인공지능 기반 데이터 분석 입문
AI 활용,Applied-ai,"Power Automate Cloud - 꼭 필요하지만 없는 기능 자동화해서 쓰기 (ODB, Teams, Planner)"
AI 활용,Applied-ai,The 10x AI-Native Developer: 회사에서 AI로 압도적 성과를 내는 법
AI 활용,Applied-ai,[1시간 완성] AI로 4.5점(A+) 만드는 공부법
AI 활용,Applied-ai,[80:20 법칙] 3시간 완성 n8n
AI 활용,Applied-ai,[AI 리터러시 저자직강] 모든 직장인이 활용할 수 있는 올인원 AI 활용법
AI 활용,Applied-ai,[AI 시대의 게임 개발을 지탱하는 기술들] 홍사부의 디아블로1 PCG 던전 생성 알고리즘
AI 활용,Applied-ai,[Biz 아카이브] ChatGPT 활용 업무효율화(일잘러 실무)
AI 활용,Applied-ai,"[Hi,AI!] AI, 너 누구야? 초중고생을 위한 AI 첫걸음!"
AI 활용,Applied-ai,"[Hi,AI!] 부모님을 위한 쉬운 AI"
AI 활용,Applied-ai,"[Hi,AI!] 사장님 3시간 빠르게 퇴근하게 하는 AI"
AI 활용,Applied-ai,"[Hi,AI!] 취준생을 위한 AI 만능 프롬프트로 완성하는 합격 이력서 & 자기소개서"
AI 활용,Applied-ai,[LottieFiles 공식] LottieFiles for Framer : Framer에서 Lottie 애니메이션 200% 활용하기 (수료증 발급)
AI 활용,Applied-ai,[국내 최초] ChatGPT × Word 실무 활용법: 누구나 쉽게 만드는 각종 문서 자동화
AI 활용,Applied-ai,[마케팅 아카이브] 생성형 AI를 활용한 뉴미디어 마케팅
AI 활용,Applied-ai,[바이브 코딩 + AI 실무 데이터 분석] 런던 MBA 학생들이 열광한 수강평 5.0 만점 강의: 문과출신 비전공자도 현업에서 바로 써먹는 데이터분석 실무 역량과 취준 완성!
AI 활용,Applied-ai,[신규 개정판] 이것이 진짜 크롤링이다 - 실전편 (인공지능 수익화)
AI 활용,Applied-ai,[연재형] WE CAN ChatGPT! - 챗gpt 우리도 할 수 있습니다.
AI 활용,Applied-ai,"chatGPT를 활용한 MS오피스(엑셀,PPT,아웃룩) 업무 자동화"
AI 활용,Applied-ai,chatGPT와 함께 하는 실전 데이터 과학
AI 활용,Applied-ai,"copilot과 함께 파이썬 찍어먹기 (크롤링 , 데이터시각화 )"
AI 활용,Applied-ai,"같은 AI 다른 세대, 우리는 왜 이렇게 AI를 다르게 쓰는가"
AI 활용,Applied-ai,개발자를 위한 (바이브 코딩) 프롬프트 패턴
AI 활용,Applied-ai,공식으로 배우는 챗GPT 프롬프트 만들기 사용법 강의
AI 활용,Applied-ai,"공짜로 쓰는 AI 비서, Copilot Chat으로 업무를 지금 바로 스마트하게!"
AI 활용,Applied-ai,구글 워크스페이스 무료 강의
AI 활용,Applied-ai,"기획, 디자인, 발표까지 다 되는 AI 활용 프레젠테이션"
AI 활용,Applied-ai,기획자를 위한 챗GPT 활용법 - 당신의 빠른 퇴근과 연봉 향상을 위하여!
AI 활용,Applied-ai,내 일상에 ChatGPT는 어떻게 활용되는가?
AI 활용,Applied-ai,노션으로 구축하는 스타트업 업무 시스템
AI 활용,Applied-ai,"노코드 RAG 끝판왕, 노트북 LM으로 지식 관리 마스터하기"
AI 활용,Applied-ai,놀라운 포토샵&AI 시크릿 레시피
AI 활용,Applied-ai,누구나 가능! AI 마케팅 영상 제작 과정과 노하우 전격 공개
AI 활용,Applied-ai,누구나 가능은 거짓말! n8n으로 DB·CRM 자동화 삽질기
AI 활용,Applied-ai,누구나 쉽게 만드는 PPT 상세페이지 끝장 템플릿 200 (원클릭 상페200장 포함)
AI 활용,Applied-ai,다양한 생성형 AI 이해와 실습: 창의적인 문제 해결과 AI윤리
AI 활용,Applied-ai,달리(DALL-E): 이미지 생성 가이드 (블로그편)
AI 활용,Applied-ai,달리(DALL-E): 초보자를 위한 이미지 생성 가이드 (입문편)
AI 활용,Applied-ai,데이터분석에 ChatGPT 강림
AI 활용,Applied-ai,된다! 하루 만에 끝내는 제미나이 활용법
AI 활용,Applied-ai,딱 필요한 AI만 쏙쏙(오프라인)
AI 활용,Applied-ai,딸깍! AI로 전문가처럼 웹 크롤링 & 데이터 분석(w. GEMINI CLI)
AI 활용,Applied-ai,똥손을 위한 최소한의 디자인 공식과 광고 기획법(with AI)
AI 활용,Applied-ai,"뜬구름 잡는 이론 빼고, 현직 AI 대표의 '돈이 찍히는' AI 실무 실전 기술 총집합"
AI 활용,Applied-ai,"마이크로소프트 365 코파일럿 고급 활용법, 남들보다 100배 더 잘 쓰는 M365 Copilot 비법 클래스"
AI 활용,Applied-ai,"마케터가 원하는 효율적인 AI 활용 - 바이럴 되는 비주얼, 이미지와 영상 AI 제작 비법"
AI 활용,Applied-ai,마케터가 원하는 효율적인 AI 활용 – 생성AI 브랜드 콘텐츠 제작 실무 A to Z
AI 활용,Applied-ai,"말해봐, ChatGPT가 다 해줄게. 대화·응대 전략"
AI 활용,Applied-ai,"말해봐, ChatGPT가 다 해줄게. 데이터 분석"
AI 활용,Applied-ai,"말해봐, ChatGPT가 다 해줄게. 실전 업무 활용"
AI 활용,Applied-ai,"말해봐, ChatGPT가 다 해줄게. 창의적 질문력"
AI 활용,Applied-ai,맥킨지 출신 김재성의 AI로 앞서가는 문제 해결력 & 리서치 전략
AI 활용,Applied-ai,면접관이 알려주는 AI 200% 활용한 서버 개발자 이력서 작성법
AI 활용,Applied-ai,모두가 궁금한 그것! AI 인물·제품 일관성 고민 한방에 해결 가능!
AI 활용,Applied-ai,모두를 위한 ChatGPT Part 1 - ChatGPT를 이용한 업무자동화와 파이썬 입문
AI 활용,Applied-ai,모두를 위한 ChatGPT Part 2 - ChatGPT를 이용한 데이터분석과 판다스 활용
AI 활용,Applied-ai,모두를 위한 ChatGPT Part 3 - ChatGPT로 퀀트 투자 전략 만들기
AI 활용,Applied-ai,모두를 위한 ChatGPT Part 4 - ChatGPT와 실습으로 배우는 크롤링
AI 활용,Applied-ai,모두를 위한 MCP를 이용한 업무자동화 - 다양한 사례로 배우는 MCP(Model Context Protocol) 활용 (feat. Cursor)
AI 활용,Applied-ai,모든 직원을 위한 디지털 전환(DX) 이해
AI 활용,Applied-ai,모르면 야근하는 AI 마케팅 노하우
AI 활용,Applied-ai,"문서, 이미지, 영상 제작부터 바이브코딩까지 한 번에! AI 통합 플랫폼, 구글 AI 스튜디오 완전정복"
AI 활용,Applied-ai,미Chill듯 뽑아내는 디자이너 생성형 AI 실무
AI 활용,Applied-ai,"미드저니 비법 클래스, 현직 AI 디자인 전문가의 이미지 프롬프트 엔지니어링 핵심 정리"
AI 활용,Applied-ai,미드저니와 캡컷으로 완성하는 시네마틱 AI 영상 제작 바이블
AI 활용,Applied-ai,미래 IT 기술과 보안 - AI·IoT·메타버스·블록체인으로 보는 차세대 디지털 보안 위협
AI 활용,Applied-ai,바이브 코딩으로 만들어보는 나만의 랜딩 페이지(with Cursor)
AI 활용,Applied-ai,발표자를 위한 Freeplane
AI 활용,Applied-ai,베개 리서치: 종목 입력만으로 애널리스트급 리포트 만들기
AI 활용,Applied-ai,"비전공자도 1시간 만에 크롬 확장 프로그램 개발하고 실생활 활용하기 (바이브 코딩, Cursor AI)"
AI 활용,Applied-ai,비전공자도 커서 + 바이브코딩으로 웹사이트 만들기
AI 활용,Applied-ai,상상을 현실로! 스테이블 디퓨전 기본 클래스 +Comfyui
AI 활용,Applied-ai,생성AI로 마케팅 쉽고 빠르게 끝장내기
AI 활용,Applied-ai,"생성형 AI 완전정복! 업무 효율화부터 보안, 윤리까지"
AI 활용,Applied-ai,생성형AI 특성과 PPT 제작
AI 활용,Applied-ai,서류탈락은 그만! 챗GPT로 기업별 맞춤 합격 이력서 반자동화하기
AI 활용,Applied-ai,셀피쉬클럽의 AI 숏폼 노잼 탈출기
AI 활용,Applied-ai,시스템엔지니어가 알려주는 리눅스 실무편 – 생성형 AI를 활용한 실무 트러블슈팅
AI 활용,Applied-ai,실리콘밸리 엔지니어와 함께하는 Streamlit 바이브코딩
AI 활용,Applied-ai,실제 주문까지 이끈 AI로 만드는 나만의 리뷰 담당자
AI 활용,Applied-ai,알면 칼퇴하는 Spring Boot 백엔드 바이브 코딩 맛보기
AI 활용,Applied-ai,"언리얼 엔진 5 with AI, 대화형 NPC 제작"
AI 활용,Applied-ai,"업무시간을 절반으로, ChatGPT로 시작하는 데이터 리터러시"
AI 활용,Applied-ai,업무에 바로 적용하는 텍스트 생성AI 활용법: 챗GPT 마스터클래스
AI 활용,Applied-ai,"업무자동화, 이 강의 하나로 끝!(Make + Apps Script + AI)"
AI 활용,Applied-ai,업무자동화를 위한 chatGPT와 구글스프레드시트 활용 입문
AI 활용,Applied-ai,옵시디언 마스터 클래스(생산성을 바꾸는 기록 습관)
AI 활용,Applied-ai,요즘지식-AX트렌드 딱1시간
AI 활용,Applied-ai,우리 조직에 맞는 엔터프라이즈 LLM 도입과 활용 방안
AI 활용,Applied-ai,워드프레스 자동 포스팅 프로그램 개발 강의 (ChatGPT API)
AI 활용,Applied-ai,일 잘하는 직장인의 비밀: Microsoft 365 Copilot 완전 정복
AI 활용,Applied-ai,일센스 터진다 – 진짜 실무에 먹히는 노코드 AI 데이터 분석(비개발업무편)
AI 활용,Applied-ai,"자동화 & CRM 왕초보들의 삽질기 : 첫 멤버십 론칭부터 3,500명 전환까지!"
AI 활용,Applied-ai,"잘나가는 프리랜서의, AI 자동화 마케팅 [AI 활용 1위 작가]"
AI 활용,Applied-ai,정부 AI 정책 시대! 바이브코딩으로 만드는 공공데이터 AI 서비스 (Google AI Studio)
AI 활용,Applied-ai,제로베이스도 따라만 하면 배우기 쉬운 ChatGPT 활용 방법
AI 활용,Applied-ai,제품팀을 위한 AX 전략 가이드
AI 활용,Applied-ai,직무별 AI 대응 전략 : 내 일자리 진단부터 스킬업까지
AI 활용,Applied-ai,직장인을 위한 AI 활용 실무 챗 GPT
AI 활용,Applied-ai,직장인을 위한 ChatGPT 및 생성형 AI로 업무 효율 높이기
AI 활용,Applied-ai,직장인을 위한 GPTs 업무 자동화 - 사장님 몰래 일 편하게 하기!
AI 활용,Applied-ai,챗 GPT 크리에이트 (ChatGPT)
AI 활용,Applied-ai,챗GPT 비즈니스 글쓰기: 당신의 업무 비서가 되는 방법 (입문편)
AI 활용,Applied-ai,챗GPT 이해와 활용
AI 활용,Applied-ai,"챗GPT를 활용하여 기획서, 제안서 작성하기"
AI 활용,Applied-ai,챗GPT와 파이썬으로 주식 자동매매 앱 및 웹 투자 리포트 만들기
AI 활용,Applied-ai,처음부터 차근차근 배우는 클로드 AI 실무 입문
AI 활용,Applied-ai,처음이지만 AI로 전문가처럼 – ChatGPT만 있으면 나도 데이터 분석가
AI 활용,Applied-ai,천스체 시즌2 AI 실전기 : 오프라인 행사 AI 활용 사례 대공개
AI 활용,Applied-ai,초거대 AI ChatGPT를 활용해 AI 시대에도 생존하고 번영하며 부자가 되는 법
AI 활용,Applied-ai,친절한 상사 능력 좋은 부하직원 모두 한큐에 with GPT와 Claude
AI 활용,Applied-ai,"캐릭터 제작부터 웹툰, 애니메이션, 시네마틱 영상까지 한번에 만듭니다. (초급)"
AI 활용,Applied-ai,"케데헌 같은 3D 애니메이션 제작과 과정의 모든 것, 그리고 AI"
AI 활용,Applied-ai,코딩 없이 시작하는 제조 AI 도입
AI 활용,Applied-ai,코파일럿으로 엑셀 핵심 기능 200% 활용하기
AI 활용,Applied-ai,클릭한번 → 고급분석보고서
AI 활용,Applied-ai,토비 살롱: 천방지축 데브 토크쇼
AI 활용,Applied-ai,토스 게임앱 AI로 만들고 수익화하기
AI 활용,Applied-ai,"통계로 보는 세상, AI로 해석하다"
AI 활용,Applied-ai,"퇴근 2시간 당기는 자동화, 코딩 몰라도 됩니다"
AI 활용,Applied-ai,트렌디한 검색 AI 퍼플렉시티(Perplexity) - 실시간 정보로 리서치 완성
AI 활용,Applied-ai,"평범한 직장인도 5분만에 만드는 AI 콘텐츠 (With 챗GPT, 미드저니, 생성형 영상툴)"
AI 활용,Applied-ai,"하루20분, AI디자인으로 두번째 월급 만들기 [이미지편]"
AI 활용,Applied-ai,하루만에 끝내는 생성형 AI 핵심 정리
AI 활용,Applied-ai,한방에 끝낸다. AI를 활용한 디지털 콘텐츠 제작 Part.1 AI 콘텐츠 창작 (기초1) [AI 더빙]
AI 활용,Applied-ai,한번에 똑바로 배우는 AI 쇼츠 크리에이터 with 프리미어 프로
AI 활용,Applied-ai,회사 업무용 Gemini for Google Workspace (Gemini AI Pro)
AI 활용,Applied-ai,회사가 원하는 효율적인 AI 활용 - AI 구조화 프롬프트로 엑셀 정복하기
AI 활용,Applied-ai,회사가 원하는 효율적인 AI 활용 - 구조화 프롬프트로 완성하는 고품질 데이터 분석 기법과 엑셀 업무 자동화
AI 활용,Applied-ai,회사가 원하는 효율적인 AI 활용 - 구조화 프롬프트로 정복하는 실무 데이터 처리 비법
AI 활용,Applied-ai,회사가 원하는 효율적인 AI 활용 - 자료 분석과 딥리서치 보고서
AI 활용,Applied-ai,회사가 원하는 효율적인 AI 활용 - 회의 준비부터 기록까지
AI 활용,Applied-ai,회사에서 바로 쓰는 챗GPT 실전 가이드_2026
